<hg.graph.Graph>
  <components>
    <entry>
      <string>Aggregate_1583743576996_821</string>
      <hg.component.operation.aggregate.Aggregate>
        <id>Aggregate_1583743576996_821</id>
        <name>Aggregate_1</name>
        <flowConstraint>
          <expression></expression>
          <flowControlHandler class="hg.component.common.base.condition.SkipComponentHandler">
            <sourceSocketId></sourceSocketId>
            <targetSocketId></targetSocketId>
          </flowControlHandler>
        </flowConstraint>
        <disabled>
          <baseValue>false</baseValue>
          <value>false</value>
        </disabled>
        <sockets class="linked-hash-map">
          <entry>
            <string>in0</string>
            <hg.component.common.base.socket.types.ComponentSchemaFetchSocket>
              <socketID>in0</socketID>
              <type>hg.component.common.base.socket.types.ComponentSchemaFetchSocket</type>
              <parentComponentID>Aggregate_1583743576996_821</parentComponentID>
              <connectedSocket class="hg.component.common.base.categories.input.InputComponentSchemaFeedSocket">
                <socketID>out0</socketID>
                <type>hg.component.common.base.categories.input.InputComponentSchemaFeedSocket</type>
                <parentComponentID>IFDelimited_1583334278709_360</parentComponentID>
                <connectedSocket class="hg.component.common.base.socket.types.ComponentSchemaFetchSocket" reference="../.."/>
                <schema>
                  <otherAttributes/>
                  <fieldOrRecordSchema>
                    <hg.component.common.base.schema.Field>
                      <name>Pan_id</name>
                      <parent reference="../../.."/>
                      <otherAttributes>
                        <entry>
                          <hg.component.common.annotations.property.schema.ColumnName>INPUT_FIELDS</hg.component.common.annotations.property.schema.ColumnName>
                          <string></string>
                        </entry>
                        <entry>
                          <hg.component.common.annotations.property.schema.ColumnName>CONDITION</hg.component.common.annotations.property.schema.ColumnName>
                          <string></string>
                        </entry>
                        <entry>
                          <hg.component.common.annotations.property.schema.ColumnName>REDEFINES</hg.component.common.annotations.property.schema.ColumnName>
                          <string></string>
                        </entry>
                      </otherAttributes>
                      <fieldType class="hg.component.common.base.schema.fieldtypes.TypeFieldInteger">
                        <type>java.lang.Integer</type>
                      </fieldType>
                      <description></description>
                    </hg.component.common.base.schema.Field>
                    <hg.component.common.base.schema.Field>
                      <name>Fact_Val</name>
                      <parent reference="../../.."/>
                      <otherAttributes>
                        <entry>
                          <hg.component.common.annotations.property.schema.ColumnName>INPUT_FIELDS</hg.component.common.annotations.property.schema.ColumnName>
                          <string></string>
                        </entry>
                        <entry>
                          <hg.component.common.annotations.property.schema.ColumnName>CONDITION</hg.component.common.annotations.property.schema.ColumnName>
                          <string></string>
                        </entry>
                        <entry>
                          <hg.component.common.annotations.property.schema.ColumnName>REDEFINES</hg.component.common.annotations.property.schema.ColumnName>
                          <string></string>
                        </entry>
                      </otherAttributes>
                      <fieldType class="hg.component.common.base.schema.fieldtypes.TypeFieldInteger">
                        <type>java.lang.Integer</type>
                      </fieldType>
                      <description></description>
                    </hg.component.common.base.schema.Field>
                    <hg.component.common.base.schema.Field>
                      <name>index_id</name>
                      <parent reference="../../.."/>
                      <otherAttributes>
                        <entry>
                          <hg.component.common.annotations.property.schema.ColumnName>INPUT_FIELDS</hg.component.common.annotations.property.schema.ColumnName>
                          <string></string>
                        </entry>
                        <entry>
                          <hg.component.common.annotations.property.schema.ColumnName>CONDITION</hg.component.common.annotations.property.schema.ColumnName>
                          <string></string>
                        </entry>
                        <entry>
                          <hg.component.common.annotations.property.schema.ColumnName>REDEFINES</hg.component.common.annotations.property.schema.ColumnName>
                          <string></string>
                        </entry>
                      </otherAttributes>
                      <fieldType class="hg.component.common.base.schema.fieldtypes.TypeFieldInteger">
                        <type>java.lang.Integer</type>
                      </fieldType>
                      <description></description>
                    </hg.component.common.base.schema.Field>
                  </fieldOrRecordSchema>
                  <externalSchema></externalSchema>
                </schema>
                <debugEnabled>false</debugEnabled>
              </connectedSocket>
              <schema>
                <otherAttributes/>
                <fieldOrRecordSchema>
                  <hg.component.common.base.schema.Field>
                    <name>Pan_id</name>
                    <parent reference="../../.."/>
                    <otherAttributes>
                      <entry>
                        <hg.component.common.annotations.property.schema.ColumnName>INPUT_FIELDS</hg.component.common.annotations.property.schema.ColumnName>
                        <string></string>
                      </entry>
                      <entry>
                        <hg.component.common.annotations.property.schema.ColumnName>CONDITION</hg.component.common.annotations.property.schema.ColumnName>
                        <string></string>
                      </entry>
                      <entry>
                        <hg.component.common.annotations.property.schema.ColumnName>REDEFINES</hg.component.common.annotations.property.schema.ColumnName>
                        <string></string>
                      </entry>
                    </otherAttributes>
                    <fieldType class="hg.component.common.base.schema.fieldtypes.TypeFieldInteger">
                      <type>java.lang.Integer</type>
                    </fieldType>
                    <description></description>
                  </hg.component.common.base.schema.Field>
                  <hg.component.common.base.schema.Field>
                    <name>Fact_Val</name>
                    <parent reference="../../.."/>
                    <otherAttributes>
                      <entry>
                        <hg.component.common.annotations.property.schema.ColumnName>INPUT_FIELDS</hg.component.common.annotations.property.schema.ColumnName>
                        <string></string>
                      </entry>
                      <entry>
                        <hg.component.common.annotations.property.schema.ColumnName>CONDITION</hg.component.common.annotations.property.schema.ColumnName>
                        <string></string>
                      </entry>
                      <entry>
                        <hg.component.common.annotations.property.schema.ColumnName>REDEFINES</hg.component.common.annotations.property.schema.ColumnName>
                        <string></string>
                      </entry>
                    </otherAttributes>
                    <fieldType class="hg.component.common.base.schema.fieldtypes.TypeFieldInteger">
                      <type>java.lang.Integer</type>
                    </fieldType>
                    <description></description>
                  </hg.component.common.base.schema.Field>
                  <hg.component.common.base.schema.Field>
                    <name>index_id</name>
                    <parent reference="../../.."/>
                    <otherAttributes>
                      <entry>
                        <hg.component.common.annotations.property.schema.ColumnName>INPUT_FIELDS</hg.component.common.annotations.property.schema.ColumnName>
                        <string></string>
                      </entry>
                      <entry>
                        <hg.component.common.annotations.property.schema.ColumnName>CONDITION</hg.component.common.annotations.property.schema.ColumnName>
                        <string></string>
                      </entry>
                      <entry>
                        <hg.component.common.annotations.property.schema.ColumnName>REDEFINES</hg.component.common.annotations.property.schema.ColumnName>
                        <string></string>
                      </entry>
                    </otherAttributes>
                    <fieldType class="hg.component.common.base.schema.fieldtypes.TypeFieldInteger">
                      <type>java.lang.Integer</type>
                    </fieldType>
                    <description></description>
                  </hg.component.common.base.schema.Field>
                </fieldOrRecordSchema>
              </schema>
            </hg.component.common.base.socket.types.ComponentSchemaFetchSocket>
          </entry>
          <entry>
            <string>out0</string>
            <hg.component.common.base.categories.operation.OperationComponentSchemaFeedSocket>
              <socketID>out0</socketID>
              <type>hg.component.common.base.categories.operation.OperationComponentSchemaFeedSocket</type>
              <parentComponentID>Aggregate_1583743576996_821</parentComponentID>
              <connectedSocket class="hg.component.common.base.socket.types.ComponentSchemaFetchSocket">
                <socketID>in0</socketID>
                <type>hg.component.common.base.socket.types.ComponentSchemaFetchSocket</type>
                <parentComponentID>OFDelimited_1583334281556_219</parentComponentID>
                <connectedSocket class="hg.component.common.base.categories.operation.OperationComponentSchemaFeedSocket" reference="../.."/>
                <schema>
                  <otherAttributes/>
                  <fieldOrRecordSchema>
                    <hg.component.common.base.schema.Field>
                      <name>Pan_id</name>
                      <parent reference="../../.."/>
                      <otherAttributes>
                        <entry>
                          <hg.component.common.annotations.property.schema.ColumnName>REDEFINES</hg.component.common.annotations.property.schema.ColumnName>
                          <string></string>
                        </entry>
                        <entry>
                          <hg.component.common.annotations.property.schema.ColumnName>INPUT_FIELDS</hg.component.common.annotations.property.schema.ColumnName>
                          <string></string>
                        </entry>
                      </otherAttributes>
                      <fieldType class="hg.component.common.base.schema.fieldtypes.TypeFieldInteger">
                        <type>java.lang.Integer</type>
                      </fieldType>
                      <description></description>
                    </hg.component.common.base.schema.Field>
                    <hg.component.common.base.schema.Field>
                      <name>Fv_0</name>
                      <parent reference="../../.."/>
                      <otherAttributes>
                        <entry>
                          <hg.component.common.annotations.property.schema.ColumnName>REDEFINES</hg.component.common.annotations.property.schema.ColumnName>
                          <string></string>
                        </entry>
                        <entry>
                          <hg.component.common.annotations.property.schema.ColumnName>INPUT_FIELDS</hg.component.common.annotations.property.schema.ColumnName>
                          <string></string>
                        </entry>
                      </otherAttributes>
                      <fieldType class="hg.component.common.base.schema.fieldtypes.TypeFieldInteger">
                        <type>java.lang.Integer</type>
                      </fieldType>
                      <description></description>
                    </hg.component.common.base.schema.Field>
                    <hg.component.common.base.schema.Field>
                      <name>Fv_1</name>
                      <parent reference="../../.."/>
                      <otherAttributes>
                        <entry>
                          <hg.component.common.annotations.property.schema.ColumnName>REDEFINES</hg.component.common.annotations.property.schema.ColumnName>
                          <string></string>
                        </entry>
                        <entry>
                          <hg.component.common.annotations.property.schema.ColumnName>INPUT_FIELDS</hg.component.common.annotations.property.schema.ColumnName>
                          <string></string>
                        </entry>
                      </otherAttributes>
                      <fieldType class="hg.component.common.base.schema.fieldtypes.TypeFieldInteger">
                        <type>java.lang.Integer</type>
                      </fieldType>
                      <description></description>
                    </hg.component.common.base.schema.Field>
                    <hg.component.common.base.schema.Field>
                      <name>Fv_2</name>
                      <parent reference="../../.."/>
                      <otherAttributes>
                        <entry>
                          <hg.component.common.annotations.property.schema.ColumnName>REDEFINES</hg.component.common.annotations.property.schema.ColumnName>
                          <string></string>
                        </entry>
                        <entry>
                          <hg.component.common.annotations.property.schema.ColumnName>INPUT_FIELDS</hg.component.common.annotations.property.schema.ColumnName>
                          <string></string>
                        </entry>
                      </otherAttributes>
                      <fieldType class="hg.component.common.base.schema.fieldtypes.TypeFieldInteger">
                        <type>java.lang.Integer</type>
                      </fieldType>
                      <description></description>
                    </hg.component.common.base.schema.Field>
                    <hg.component.common.base.schema.Field>
                      <name>Fv_3</name>
                      <parent reference="../../.."/>
                      <otherAttributes>
                        <entry>
                          <hg.component.common.annotations.property.schema.ColumnName>REDEFINES</hg.component.common.annotations.property.schema.ColumnName>
                          <string></string>
                        </entry>
                        <entry>
                          <hg.component.common.annotations.property.schema.ColumnName>INPUT_FIELDS</hg.component.common.annotations.property.schema.ColumnName>
                          <string></string>
                        </entry>
                      </otherAttributes>
                      <fieldType class="hg.component.common.base.schema.fieldtypes.TypeFieldInteger">
                        <type>java.lang.Integer</type>
                      </fieldType>
                      <description></description>
                    </hg.component.common.base.schema.Field>
                    <hg.component.common.base.schema.Field>
                      <name>Fv_4</name>
                      <parent reference="../../.."/>
                      <otherAttributes>
                        <entry>
                          <hg.component.common.annotations.property.schema.ColumnName>REDEFINES</hg.component.common.annotations.property.schema.ColumnName>
                          <string></string>
                        </entry>
                        <entry>
                          <hg.component.common.annotations.property.schema.ColumnName>INPUT_FIELDS</hg.component.common.annotations.property.schema.ColumnName>
                          <string></string>
                        </entry>
                      </otherAttributes>
                      <fieldType class="hg.component.common.base.schema.fieldtypes.TypeFieldInteger">
                        <type>java.lang.Integer</type>
                      </fieldType>
                      <description></description>
                    </hg.component.common.base.schema.Field>
                    <hg.component.common.base.schema.Field>
                      <name>Fv_5</name>
                      <parent reference="../../.."/>
                      <otherAttributes>
                        <entry>
                          <hg.component.common.annotations.property.schema.ColumnName>REDEFINES</hg.component.common.annotations.property.schema.ColumnName>
                          <string></string>
                        </entry>
                        <entry>
                          <hg.component.common.annotations.property.schema.ColumnName>INPUT_FIELDS</hg.component.common.annotations.property.schema.ColumnName>
                          <string></string>
                        </entry>
                      </otherAttributes>
                      <fieldType class="hg.component.common.base.schema.fieldtypes.TypeFieldInteger">
                        <type>java.lang.Integer</type>
                      </fieldType>
                      <description></description>
                    </hg.component.common.base.schema.Field>
                    <hg.component.common.base.schema.Field>
                      <name>Fv_6</name>
                      <parent reference="../../.."/>
                      <otherAttributes>
                        <entry>
                          <hg.component.common.annotations.property.schema.ColumnName>REDEFINES</hg.component.common.annotations.property.schema.ColumnName>
                          <string></string>
                        </entry>
                        <entry>
                          <hg.component.common.annotations.property.schema.ColumnName>INPUT_FIELDS</hg.component.common.annotations.property.schema.ColumnName>
                          <string></string>
                        </entry>
                      </otherAttributes>
                      <fieldType class="hg.component.common.base.schema.fieldtypes.TypeFieldInteger">
                        <type>java.lang.Integer</type>
                      </fieldType>
                      <description></description>
                    </hg.component.common.base.schema.Field>
                    <hg.component.common.base.schema.Field>
                      <name>Fv_7</name>
                      <parent reference="../../.."/>
                      <otherAttributes>
                        <entry>
                          <hg.component.common.annotations.property.schema.ColumnName>REDEFINES</hg.component.common.annotations.property.schema.ColumnName>
                          <string></string>
                        </entry>
                        <entry>
                          <hg.component.common.annotations.property.schema.ColumnName>INPUT_FIELDS</hg.component.common.annotations.property.schema.ColumnName>
                          <string></string>
                        </entry>
                      </otherAttributes>
                      <fieldType class="hg.component.common.base.schema.fieldtypes.TypeFieldInteger">
                        <type>java.lang.Integer</type>
                      </fieldType>
                      <description></description>
                    </hg.component.common.base.schema.Field>
                    <hg.component.common.base.schema.Field>
                      <name>Fv_8</name>
                      <parent reference="../../.."/>
                      <otherAttributes>
                        <entry>
                          <hg.component.common.annotations.property.schema.ColumnName>REDEFINES</hg.component.common.annotations.property.schema.ColumnName>
                          <string></string>
                        </entry>
                        <entry>
                          <hg.component.common.annotations.property.schema.ColumnName>INPUT_FIELDS</hg.component.common.annotations.property.schema.ColumnName>
                          <string></string>
                        </entry>
                      </otherAttributes>
                      <fieldType class="hg.component.common.base.schema.fieldtypes.TypeFieldInteger">
                        <type>java.lang.Integer</type>
                      </fieldType>
                      <description></description>
                    </hg.component.common.base.schema.Field>
                    <hg.component.common.base.schema.Field>
                      <name>Fv_9</name>
                      <parent reference="../../.."/>
                      <otherAttributes>
                        <entry>
                          <hg.component.common.annotations.property.schema.ColumnName>REDEFINES</hg.component.common.annotations.property.schema.ColumnName>
                          <string></string>
                        </entry>
                        <entry>
                          <hg.component.common.annotations.property.schema.ColumnName>INPUT_FIELDS</hg.component.common.annotations.property.schema.ColumnName>
                          <string></string>
                        </entry>
                      </otherAttributes>
                      <fieldType class="hg.component.common.base.schema.fieldtypes.TypeFieldInteger">
                        <type>java.lang.Integer</type>
                      </fieldType>
                      <description></description>
                    </hg.component.common.base.schema.Field>
                    <hg.component.common.base.schema.Field>
                      <name>Fv_10</name>
                      <parent reference="../../.."/>
                      <otherAttributes>
                        <entry>
                          <hg.component.common.annotations.property.schema.ColumnName>REDEFINES</hg.component.common.annotations.property.schema.ColumnName>
                          <string></string>
                        </entry>
                        <entry>
                          <hg.component.common.annotations.property.schema.ColumnName>INPUT_FIELDS</hg.component.common.annotations.property.schema.ColumnName>
                          <string></string>
                        </entry>
                      </otherAttributes>
                      <fieldType class="hg.component.common.base.schema.fieldtypes.TypeFieldInteger">
                        <type>java.lang.Integer</type>
                      </fieldType>
                      <description></description>
                    </hg.component.common.base.schema.Field>
                    <hg.component.common.base.schema.Field>
                      <name>Fv_11</name>
                      <parent reference="../../.."/>
                      <otherAttributes>
                        <entry>
                          <hg.component.common.annotations.property.schema.ColumnName>REDEFINES</hg.component.common.annotations.property.schema.ColumnName>
                          <string></string>
                        </entry>
                        <entry>
                          <hg.component.common.annotations.property.schema.ColumnName>INPUT_FIELDS</hg.component.common.annotations.property.schema.ColumnName>
                          <string></string>
                        </entry>
                      </otherAttributes>
                      <fieldType class="hg.component.common.base.schema.fieldtypes.TypeFieldInteger">
                        <type>java.lang.Integer</type>
                      </fieldType>
                      <description></description>
                    </hg.component.common.base.schema.Field>
                    <hg.component.common.base.schema.Field>
                      <name>Fv_12</name>
                      <parent reference="../../.."/>
                      <otherAttributes>
                        <entry>
                          <hg.component.common.annotations.property.schema.ColumnName>REDEFINES</hg.component.common.annotations.property.schema.ColumnName>
                          <string></string>
                        </entry>
                        <entry>
                          <hg.component.common.annotations.property.schema.ColumnName>INPUT_FIELDS</hg.component.common.annotations.property.schema.ColumnName>
                          <string></string>
                        </entry>
                      </otherAttributes>
                      <fieldType class="hg.component.common.base.schema.fieldtypes.TypeFieldInteger">
                        <type>java.lang.Integer</type>
                      </fieldType>
                      <description></description>
                    </hg.component.common.base.schema.Field>
                    <hg.component.common.base.schema.Field>
                      <name>Fv_13</name>
                      <parent reference="../../.."/>
                      <otherAttributes>
                        <entry>
                          <hg.component.common.annotations.property.schema.ColumnName>REDEFINES</hg.component.common.annotations.property.schema.ColumnName>
                          <string></string>
                        </entry>
                        <entry>
                          <hg.component.common.annotations.property.schema.ColumnName>INPUT_FIELDS</hg.component.common.annotations.property.schema.ColumnName>
                          <string></string>
                        </entry>
                      </otherAttributes>
                      <fieldType class="hg.component.common.base.schema.fieldtypes.TypeFieldInteger">
                        <type>java.lang.Integer</type>
                      </fieldType>
                      <description></description>
                    </hg.component.common.base.schema.Field>
                    <hg.component.common.base.schema.Field>
                      <name>Fv_14</name>
                      <parent reference="../../.."/>
                      <otherAttributes>
                        <entry>
                          <hg.component.common.annotations.property.schema.ColumnName>REDEFINES</hg.component.common.annotations.property.schema.ColumnName>
                          <string></string>
                        </entry>
                        <entry>
                          <hg.component.common.annotations.property.schema.ColumnName>INPUT_FIELDS</hg.component.common.annotations.property.schema.ColumnName>
                          <string></string>
                        </entry>
                      </otherAttributes>
                      <fieldType class="hg.component.common.base.schema.fieldtypes.TypeFieldInteger">
                        <type>java.lang.Integer</type>
                      </fieldType>
                      <description></description>
                    </hg.component.common.base.schema.Field>
                    <hg.component.common.base.schema.Field>
                      <name>Fv_15</name>
                      <parent reference="../../.."/>
                      <otherAttributes>
                        <entry>
                          <hg.component.common.annotations.property.schema.ColumnName>REDEFINES</hg.component.common.annotations.property.schema.ColumnName>
                          <string></string>
                        </entry>
                        <entry>
                          <hg.component.common.annotations.property.schema.ColumnName>INPUT_FIELDS</hg.component.common.annotations.property.schema.ColumnName>
                          <string></string>
                        </entry>
                      </otherAttributes>
                      <fieldType class="hg.component.common.base.schema.fieldtypes.TypeFieldInteger">
                        <type>java.lang.Integer</type>
                      </fieldType>
                      <description></description>
                    </hg.component.common.base.schema.Field>
                    <hg.component.common.base.schema.Field>
                      <name>Fv_16</name>
                      <parent reference="../../.."/>
                      <otherAttributes>
                        <entry>
                          <hg.component.common.annotations.property.schema.ColumnName>REDEFINES</hg.component.common.annotations.property.schema.ColumnName>
                          <string></string>
                        </entry>
                        <entry>
                          <hg.component.common.annotations.property.schema.ColumnName>INPUT_FIELDS</hg.component.common.annotations.property.schema.ColumnName>
                          <string></string>
                        </entry>
                      </otherAttributes>
                      <fieldType class="hg.component.common.base.schema.fieldtypes.TypeFieldInteger">
                        <type>java.lang.Integer</type>
                      </fieldType>
                      <description></description>
                    </hg.component.common.base.schema.Field>
                    <hg.component.common.base.schema.Field>
                      <name>Fv_17</name>
                      <parent reference="../../.."/>
                      <otherAttributes>
                        <entry>
                          <hg.component.common.annotations.property.schema.ColumnName>REDEFINES</hg.component.common.annotations.property.schema.ColumnName>
                          <string></string>
                        </entry>
                        <entry>
                          <hg.component.common.annotations.property.schema.ColumnName>INPUT_FIELDS</hg.component.common.annotations.property.schema.ColumnName>
                          <string></string>
                        </entry>
                      </otherAttributes>
                      <fieldType class="hg.component.common.base.schema.fieldtypes.TypeFieldInteger">
                        <type>java.lang.Integer</type>
                      </fieldType>
                      <description></description>
                    </hg.component.common.base.schema.Field>
                    <hg.component.common.base.schema.Field>
                      <name>Fv_18</name>
                      <parent reference="../../.."/>
                      <otherAttributes>
                        <entry>
                          <hg.component.common.annotations.property.schema.ColumnName>REDEFINES</hg.component.common.annotations.property.schema.ColumnName>
                          <string></string>
                        </entry>
                        <entry>
                          <hg.component.common.annotations.property.schema.ColumnName>INPUT_FIELDS</hg.component.common.annotations.property.schema.ColumnName>
                          <string></string>
                        </entry>
                      </otherAttributes>
                      <fieldType class="hg.component.common.base.schema.fieldtypes.TypeFieldInteger">
                        <type>java.lang.Integer</type>
                      </fieldType>
                      <description></description>
                    </hg.component.common.base.schema.Field>
                    <hg.component.common.base.schema.Field>
                      <name>Fv_19</name>
                      <parent reference="../../.."/>
                      <otherAttributes>
                        <entry>
                          <hg.component.common.annotations.property.schema.ColumnName>REDEFINES</hg.component.common.annotations.property.schema.ColumnName>
                          <string></string>
                        </entry>
                        <entry>
                          <hg.component.common.annotations.property.schema.ColumnName>INPUT_FIELDS</hg.component.common.annotations.property.schema.ColumnName>
                          <string></string>
                        </entry>
                      </otherAttributes>
                      <fieldType class="hg.component.common.base.schema.fieldtypes.TypeFieldInteger">
                        <type>java.lang.Integer</type>
                      </fieldType>
                      <description></description>
                    </hg.component.common.base.schema.Field>
                  </fieldOrRecordSchema>
                  <externalSchema></externalSchema>
                </schema>
              </connectedSocket>
              <outputFields>
                <hg.component.common.base.categories.operation.mapping.outfields.OperationField>
                  <name>Pan_id</name>
                  <operationId>Operation_1</operationId>
                </hg.component.common.base.categories.operation.mapping.outfields.OperationField>
                <hg.component.common.base.categories.operation.mapping.outfields.OperationField>
                  <name>Fv_0</name>
                  <operationId>Operation_1</operationId>
                </hg.component.common.base.categories.operation.mapping.outfields.OperationField>
                <hg.component.common.base.categories.operation.mapping.outfields.OperationField>
                  <name>Fv_1</name>
                  <operationId>Operation_1</operationId>
                </hg.component.common.base.categories.operation.mapping.outfields.OperationField>
                <hg.component.common.base.categories.operation.mapping.outfields.OperationField>
                  <name>Fv_2</name>
                  <operationId>Operation_1</operationId>
                </hg.component.common.base.categories.operation.mapping.outfields.OperationField>
                <hg.component.common.base.categories.operation.mapping.outfields.OperationField>
                  <name>Fv_3</name>
                  <operationId>Operation_1</operationId>
                </hg.component.common.base.categories.operation.mapping.outfields.OperationField>
                <hg.component.common.base.categories.operation.mapping.outfields.OperationField>
                  <name>Fv_4</name>
                  <operationId>Operation_1</operationId>
                </hg.component.common.base.categories.operation.mapping.outfields.OperationField>
                <hg.component.common.base.categories.operation.mapping.outfields.OperationField>
                  <name>Fv_5</name>
                  <operationId>Operation_1</operationId>
                </hg.component.common.base.categories.operation.mapping.outfields.OperationField>
                <hg.component.common.base.categories.operation.mapping.outfields.OperationField>
                  <name>Fv_6</name>
                  <operationId>Operation_1</operationId>
                </hg.component.common.base.categories.operation.mapping.outfields.OperationField>
                <hg.component.common.base.categories.operation.mapping.outfields.OperationField>
                  <name>Fv_7</name>
                  <operationId>Operation_1</operationId>
                </hg.component.common.base.categories.operation.mapping.outfields.OperationField>
                <hg.component.common.base.categories.operation.mapping.outfields.OperationField>
                  <name>Fv_8</name>
                  <operationId>Operation_1</operationId>
                </hg.component.common.base.categories.operation.mapping.outfields.OperationField>
                <hg.component.common.base.categories.operation.mapping.outfields.OperationField>
                  <name>Fv_9</name>
                  <operationId>Operation_1</operationId>
                </hg.component.common.base.categories.operation.mapping.outfields.OperationField>
                <hg.component.common.base.categories.operation.mapping.outfields.OperationField>
                  <name>Fv_10</name>
                  <operationId>Operation_1</operationId>
                </hg.component.common.base.categories.operation.mapping.outfields.OperationField>
                <hg.component.common.base.categories.operation.mapping.outfields.OperationField>
                  <name>Fv_11</name>
                  <operationId>Operation_1</operationId>
                </hg.component.common.base.categories.operation.mapping.outfields.OperationField>
                <hg.component.common.base.categories.operation.mapping.outfields.OperationField>
                  <name>Fv_12</name>
                  <operationId>Operation_1</operationId>
                </hg.component.common.base.categories.operation.mapping.outfields.OperationField>
                <hg.component.common.base.categories.operation.mapping.outfields.OperationField>
                  <name>Fv_13</name>
                  <operationId>Operation_1</operationId>
                </hg.component.common.base.categories.operation.mapping.outfields.OperationField>
                <hg.component.common.base.categories.operation.mapping.outfields.OperationField>
                  <name>Fv_14</name>
                  <operationId>Operation_1</operationId>
                </hg.component.common.base.categories.operation.mapping.outfields.OperationField>
                <hg.component.common.base.categories.operation.mapping.outfields.OperationField>
                  <name>Fv_15</name>
                  <operationId>Operation_1</operationId>
                </hg.component.common.base.categories.operation.mapping.outfields.OperationField>
                <hg.component.common.base.categories.operation.mapping.outfields.OperationField>
                  <name>Fv_16</name>
                  <operationId>Operation_1</operationId>
                </hg.component.common.base.categories.operation.mapping.outfields.OperationField>
                <hg.component.common.base.categories.operation.mapping.outfields.OperationField>
                  <name>Fv_17</name>
                  <operationId>Operation_1</operationId>
                </hg.component.common.base.categories.operation.mapping.outfields.OperationField>
                <hg.component.common.base.categories.operation.mapping.outfields.OperationField>
                  <name>Fv_18</name>
                  <operationId>Operation_1</operationId>
                </hg.component.common.base.categories.operation.mapping.outfields.OperationField>
                <hg.component.common.base.categories.operation.mapping.outfields.OperationField>
                  <name>Fv_19</name>
                  <operationId>Operation_1</operationId>
                </hg.component.common.base.categories.operation.mapping.outfields.OperationField>
              </outputFields>
            </hg.component.common.base.categories.operation.OperationComponentSchemaFeedSocket>
          </entry>
          <entry>
            <string>err0</string>
            <hg.component.common.base.socket.types.ErrorFeedSocket>
              <socketID>err0</socketID>
              <type>hg.component.common.base.socket.types.ErrorFeedSocket</type>
              <parentComponentID>Aggregate_1583743576996_821</parentComponentID>
              <copyOfFetchSocket class="hg.component.common.base.socket.types.ComponentSchemaFetchSocket" reference="../../../entry/hg.component.common.base.socket.types.ComponentSchemaFetchSocket"/>
            </hg.component.common.base.socket.types.ErrorFeedSocket>
          </entry>
        </sockets>
        <operations>
          <hg.component.common.base.categories.operation.mapping.ClassOperation>
            <id>Operation_1</id>
            <inputFields>
              <hg.component.common.base.categories.operation.mapping.outfields.InputField>
                <name>Pan_id</name>
                <fetchSocketId>in0</fetchSocketId>
              </hg.component.common.base.categories.operation.mapping.outfields.InputField>
              <hg.component.common.base.categories.operation.mapping.outfields.InputField>
                <name>Fact_Val</name>
                <fetchSocketId>in0</fetchSocketId>
              </hg.component.common.base.categories.operation.mapping.outfields.InputField>
              <hg.component.common.base.categories.operation.mapping.outfields.InputField>
                <name>index_id</name>
                <fetchSocketId>in0</fetchSocketId>
              </hg.component.common.base.categories.operation.mapping.outfields.InputField>
            </inputFields>
            <outputFields>
              <otherAttributes/>
              <fieldOrRecordSchema>
                <hg.component.common.base.schema.Field>
                  <name>Pan_id</name>
                  <parent reference="../../.."/>
                  <otherAttributes>
                    <entry>
                      <hg.component.common.annotations.property.schema.ColumnName>REDEFINES</hg.component.common.annotations.property.schema.ColumnName>
                      <string></string>
                    </entry>
                    <entry>
                      <hg.component.common.annotations.property.schema.ColumnName>INPUT_FIELDS</hg.component.common.annotations.property.schema.ColumnName>
                      <string></string>
                    </entry>
                  </otherAttributes>
                  <fieldType class="hg.component.common.base.schema.fieldtypes.TypeFieldInteger">
                    <type>java.lang.Integer</type>
                  </fieldType>
                  <description></description>
                </hg.component.common.base.schema.Field>
                <hg.component.common.base.schema.Field>
                  <name>Fv_0</name>
                  <parent reference="../../.."/>
                  <otherAttributes>
                    <entry>
                      <hg.component.common.annotations.property.schema.ColumnName>REDEFINES</hg.component.common.annotations.property.schema.ColumnName>
                      <string></string>
                    </entry>
                    <entry>
                      <hg.component.common.annotations.property.schema.ColumnName>INPUT_FIELDS</hg.component.common.annotations.property.schema.ColumnName>
                      <string></string>
                    </entry>
                  </otherAttributes>
                  <fieldType class="hg.component.common.base.schema.fieldtypes.TypeFieldInteger">
                    <type>java.lang.Integer</type>
                  </fieldType>
                  <description></description>
                </hg.component.common.base.schema.Field>
                <hg.component.common.base.schema.Field>
                  <name>Fv_1</name>
                  <parent reference="../../.."/>
                  <otherAttributes>
                    <entry>
                      <hg.component.common.annotations.property.schema.ColumnName>REDEFINES</hg.component.common.annotations.property.schema.ColumnName>
                      <string></string>
                    </entry>
                    <entry>
                      <hg.component.common.annotations.property.schema.ColumnName>INPUT_FIELDS</hg.component.common.annotations.property.schema.ColumnName>
                      <string></string>
                    </entry>
                  </otherAttributes>
                  <fieldType class="hg.component.common.base.schema.fieldtypes.TypeFieldInteger">
                    <type>java.lang.Integer</type>
                  </fieldType>
                  <description></description>
                </hg.component.common.base.schema.Field>
                <hg.component.common.base.schema.Field>
                  <name>Fv_2</name>
                  <parent reference="../../.."/>
                  <otherAttributes>
                    <entry>
                      <hg.component.common.annotations.property.schema.ColumnName>REDEFINES</hg.component.common.annotations.property.schema.ColumnName>
                      <string></string>
                    </entry>
                    <entry>
                      <hg.component.common.annotations.property.schema.ColumnName>INPUT_FIELDS</hg.component.common.annotations.property.schema.ColumnName>
                      <string></string>
                    </entry>
                  </otherAttributes>
                  <fieldType class="hg.component.common.base.schema.fieldtypes.TypeFieldInteger">
                    <type>java.lang.Integer</type>
                  </fieldType>
                  <description></description>
                </hg.component.common.base.schema.Field>
                <hg.component.common.base.schema.Field>
                  <name>Fv_3</name>
                  <parent reference="../../.."/>
                  <otherAttributes>
                    <entry>
                      <hg.component.common.annotations.property.schema.ColumnName>REDEFINES</hg.component.common.annotations.property.schema.ColumnName>
                      <string></string>
                    </entry>
                    <entry>
                      <hg.component.common.annotations.property.schema.ColumnName>INPUT_FIELDS</hg.component.common.annotations.property.schema.ColumnName>
                      <string></string>
                    </entry>
                  </otherAttributes>
                  <fieldType class="hg.component.common.base.schema.fieldtypes.TypeFieldInteger">
                    <type>java.lang.Integer</type>
                  </fieldType>
                  <description></description>
                </hg.component.common.base.schema.Field>
                <hg.component.common.base.schema.Field>
                  <name>Fv_4</name>
                  <parent reference="../../.."/>
                  <otherAttributes>
                    <entry>
                      <hg.component.common.annotations.property.schema.ColumnName>REDEFINES</hg.component.common.annotations.property.schema.ColumnName>
                      <string></string>
                    </entry>
                    <entry>
                      <hg.component.common.annotations.property.schema.ColumnName>INPUT_FIELDS</hg.component.common.annotations.property.schema.ColumnName>
                      <string></string>
                    </entry>
                  </otherAttributes>
                  <fieldType class="hg.component.common.base.schema.fieldtypes.TypeFieldInteger">
                    <type>java.lang.Integer</type>
                  </fieldType>
                  <description></description>
                </hg.component.common.base.schema.Field>
                <hg.component.common.base.schema.Field>
                  <name>Fv_5</name>
                  <parent reference="../../.."/>
                  <otherAttributes>
                    <entry>
                      <hg.component.common.annotations.property.schema.ColumnName>REDEFINES</hg.component.common.annotations.property.schema.ColumnName>
                      <string></string>
                    </entry>
                    <entry>
                      <hg.component.common.annotations.property.schema.ColumnName>INPUT_FIELDS</hg.component.common.annotations.property.schema.ColumnName>
                      <string></string>
                    </entry>
                  </otherAttributes>
                  <fieldType class="hg.component.common.base.schema.fieldtypes.TypeFieldInteger">
                    <type>java.lang.Integer</type>
                  </fieldType>
                  <description></description>
                </hg.component.common.base.schema.Field>
                <hg.component.common.base.schema.Field>
                  <name>Fv_6</name>
                  <parent reference="../../.."/>
                  <otherAttributes>
                    <entry>
                      <hg.component.common.annotations.property.schema.ColumnName>REDEFINES</hg.component.common.annotations.property.schema.ColumnName>
                      <string></string>
                    </entry>
                    <entry>
                      <hg.component.common.annotations.property.schema.ColumnName>INPUT_FIELDS</hg.component.common.annotations.property.schema.ColumnName>
                      <string></string>
                    </entry>
                  </otherAttributes>
                  <fieldType class="hg.component.common.base.schema.fieldtypes.TypeFieldInteger">
                    <type>java.lang.Integer</type>
                  </fieldType>
                  <description></description>
                </hg.component.common.base.schema.Field>
                <hg.component.common.base.schema.Field>
                  <name>Fv_7</name>
                  <parent reference="../../.."/>
                  <otherAttributes>
                    <entry>
                      <hg.component.common.annotations.property.schema.ColumnName>REDEFINES</hg.component.common.annotations.property.schema.ColumnName>
                      <string></string>
                    </entry>
                    <entry>
                      <hg.component.common.annotations.property.schema.ColumnName>INPUT_FIELDS</hg.component.common.annotations.property.schema.ColumnName>
                      <string></string>
                    </entry>
                  </otherAttributes>
                  <fieldType class="hg.component.common.base.schema.fieldtypes.TypeFieldInteger">
                    <type>java.lang.Integer</type>
                  </fieldType>
                  <description></description>
                </hg.component.common.base.schema.Field>
                <hg.component.common.base.schema.Field>
                  <name>Fv_8</name>
                  <parent reference="../../.."/>
                  <otherAttributes>
                    <entry>
                      <hg.component.common.annotations.property.schema.ColumnName>REDEFINES</hg.component.common.annotations.property.schema.ColumnName>
                      <string></string>
                    </entry>
                    <entry>
                      <hg.component.common.annotations.property.schema.ColumnName>INPUT_FIELDS</hg.component.common.annotations.property.schema.ColumnName>
                      <string></string>
                    </entry>
                  </otherAttributes>
                  <fieldType class="hg.component.common.base.schema.fieldtypes.TypeFieldInteger">
                    <type>java.lang.Integer</type>
                  </fieldType>
                  <description></description>
                </hg.component.common.base.schema.Field>
                <hg.component.common.base.schema.Field>
                  <name>Fv_9</name>
                  <parent reference="../../.."/>
                  <otherAttributes>
                    <entry>
                      <hg.component.common.annotations.property.schema.ColumnName>REDEFINES</hg.component.common.annotations.property.schema.ColumnName>
                      <string></string>
                    </entry>
                    <entry>
                      <hg.component.common.annotations.property.schema.ColumnName>INPUT_FIELDS</hg.component.common.annotations.property.schema.ColumnName>
                      <string></string>
                    </entry>
                  </otherAttributes>
                  <fieldType class="hg.component.common.base.schema.fieldtypes.TypeFieldInteger">
                    <type>java.lang.Integer</type>
                  </fieldType>
                  <description></description>
                </hg.component.common.base.schema.Field>
                <hg.component.common.base.schema.Field>
                  <name>Fv_10</name>
                  <parent reference="../../.."/>
                  <otherAttributes>
                    <entry>
                      <hg.component.common.annotations.property.schema.ColumnName>REDEFINES</hg.component.common.annotations.property.schema.ColumnName>
                      <string></string>
                    </entry>
                    <entry>
                      <hg.component.common.annotations.property.schema.ColumnName>INPUT_FIELDS</hg.component.common.annotations.property.schema.ColumnName>
                      <string></string>
                    </entry>
                  </otherAttributes>
                  <fieldType class="hg.component.common.base.schema.fieldtypes.TypeFieldInteger">
                    <type>java.lang.Integer</type>
                  </fieldType>
                  <description></description>
                </hg.component.common.base.schema.Field>
                <hg.component.common.base.schema.Field>
                  <name>Fv_11</name>
                  <parent reference="../../.."/>
                  <otherAttributes>
                    <entry>
                      <hg.component.common.annotations.property.schema.ColumnName>REDEFINES</hg.component.common.annotations.property.schema.ColumnName>
                      <string></string>
                    </entry>
                    <entry>
                      <hg.component.common.annotations.property.schema.ColumnName>INPUT_FIELDS</hg.component.common.annotations.property.schema.ColumnName>
                      <string></string>
                    </entry>
                  </otherAttributes>
                  <fieldType class="hg.component.common.base.schema.fieldtypes.TypeFieldInteger">
                    <type>java.lang.Integer</type>
                  </fieldType>
                  <description></description>
                </hg.component.common.base.schema.Field>
                <hg.component.common.base.schema.Field>
                  <name>Fv_12</name>
                  <parent reference="../../.."/>
                  <otherAttributes>
                    <entry>
                      <hg.component.common.annotations.property.schema.ColumnName>REDEFINES</hg.component.common.annotations.property.schema.ColumnName>
                      <string></string>
                    </entry>
                    <entry>
                      <hg.component.common.annotations.property.schema.ColumnName>INPUT_FIELDS</hg.component.common.annotations.property.schema.ColumnName>
                      <string></string>
                    </entry>
                  </otherAttributes>
                  <fieldType class="hg.component.common.base.schema.fieldtypes.TypeFieldInteger">
                    <type>java.lang.Integer</type>
                  </fieldType>
                  <description></description>
                </hg.component.common.base.schema.Field>
                <hg.component.common.base.schema.Field>
                  <name>Fv_13</name>
                  <parent reference="../../.."/>
                  <otherAttributes>
                    <entry>
                      <hg.component.common.annotations.property.schema.ColumnName>REDEFINES</hg.component.common.annotations.property.schema.ColumnName>
                      <string></string>
                    </entry>
                    <entry>
                      <hg.component.common.annotations.property.schema.ColumnName>INPUT_FIELDS</hg.component.common.annotations.property.schema.ColumnName>
                      <string></string>
                    </entry>
                  </otherAttributes>
                  <fieldType class="hg.component.common.base.schema.fieldtypes.TypeFieldInteger">
                    <type>java.lang.Integer</type>
                  </fieldType>
                  <description></description>
                </hg.component.common.base.schema.Field>
                <hg.component.common.base.schema.Field>
                  <name>Fv_14</name>
                  <parent reference="../../.."/>
                  <otherAttributes>
                    <entry>
                      <hg.component.common.annotations.property.schema.ColumnName>REDEFINES</hg.component.common.annotations.property.schema.ColumnName>
                      <string></string>
                    </entry>
                    <entry>
                      <hg.component.common.annotations.property.schema.ColumnName>INPUT_FIELDS</hg.component.common.annotations.property.schema.ColumnName>
                      <string></string>
                    </entry>
                  </otherAttributes>
                  <fieldType class="hg.component.common.base.schema.fieldtypes.TypeFieldInteger">
                    <type>java.lang.Integer</type>
                  </fieldType>
                  <description></description>
                </hg.component.common.base.schema.Field>
                <hg.component.common.base.schema.Field>
                  <name>Fv_15</name>
                  <parent reference="../../.."/>
                  <otherAttributes>
                    <entry>
                      <hg.component.common.annotations.property.schema.ColumnName>REDEFINES</hg.component.common.annotations.property.schema.ColumnName>
                      <string></string>
                    </entry>
                    <entry>
                      <hg.component.common.annotations.property.schema.ColumnName>INPUT_FIELDS</hg.component.common.annotations.property.schema.ColumnName>
                      <string></string>
                    </entry>
                  </otherAttributes>
                  <fieldType class="hg.component.common.base.schema.fieldtypes.TypeFieldInteger">
                    <type>java.lang.Integer</type>
                  </fieldType>
                  <description></description>
                </hg.component.common.base.schema.Field>
                <hg.component.common.base.schema.Field>
                  <name>Fv_16</name>
                  <parent reference="../../.."/>
                  <otherAttributes>
                    <entry>
                      <hg.component.common.annotations.property.schema.ColumnName>REDEFINES</hg.component.common.annotations.property.schema.ColumnName>
                      <string></string>
                    </entry>
                    <entry>
                      <hg.component.common.annotations.property.schema.ColumnName>INPUT_FIELDS</hg.component.common.annotations.property.schema.ColumnName>
                      <string></string>
                    </entry>
                  </otherAttributes>
                  <fieldType class="hg.component.common.base.schema.fieldtypes.TypeFieldInteger">
                    <type>java.lang.Integer</type>
                  </fieldType>
                  <description></description>
                </hg.component.common.base.schema.Field>
                <hg.component.common.base.schema.Field>
                  <name>Fv_17</name>
                  <parent reference="../../.."/>
                  <otherAttributes>
                    <entry>
                      <hg.component.common.annotations.property.schema.ColumnName>REDEFINES</hg.component.common.annotations.property.schema.ColumnName>
                      <string></string>
                    </entry>
                    <entry>
                      <hg.component.common.annotations.property.schema.ColumnName>INPUT_FIELDS</hg.component.common.annotations.property.schema.ColumnName>
                      <string></string>
                    </entry>
                  </otherAttributes>
                  <fieldType class="hg.component.common.base.schema.fieldtypes.TypeFieldInteger">
                    <type>java.lang.Integer</type>
                  </fieldType>
                  <description></description>
                </hg.component.common.base.schema.Field>
                <hg.component.common.base.schema.Field>
                  <name>Fv_18</name>
                  <parent reference="../../.."/>
                  <otherAttributes>
                    <entry>
                      <hg.component.common.annotations.property.schema.ColumnName>REDEFINES</hg.component.common.annotations.property.schema.ColumnName>
                      <string></string>
                    </entry>
                    <entry>
                      <hg.component.common.annotations.property.schema.ColumnName>INPUT_FIELDS</hg.component.common.annotations.property.schema.ColumnName>
                      <string></string>
                    </entry>
                  </otherAttributes>
                  <fieldType class="hg.component.common.base.schema.fieldtypes.TypeFieldInteger">
                    <type>java.lang.Integer</type>
                  </fieldType>
                  <description></description>
                </hg.component.common.base.schema.Field>
                <hg.component.common.base.schema.Field>
                  <name>Fv_19</name>
                  <parent reference="../../.."/>
                  <otherAttributes>
                    <entry>
                      <hg.component.common.annotations.property.schema.ColumnName>REDEFINES</hg.component.common.annotations.property.schema.ColumnName>
                      <string></string>
                    </entry>
                    <entry>
                      <hg.component.common.annotations.property.schema.ColumnName>INPUT_FIELDS</hg.component.common.annotations.property.schema.ColumnName>
                      <string></string>
                    </entry>
                  </otherAttributes>
                  <fieldType class="hg.component.common.base.schema.fieldtypes.TypeFieldInteger">
                    <type>java.lang.Integer</type>
                  </fieldType>
                  <description></description>
                </hg.component.common.base.schema.Field>
              </fieldOrRecordSchema>
            </outputFields>
            <operationClass>AggregateSampleClass</operationClass>
            <properties class="linked-hash-map"/>
          </hg.component.common.base.categories.operation.mapping.ClassOperation>
        </operations>
        <primaryKeys>
          <keyFields>
            <hg.component.common.base.keyfields.primarykey.PrimaryKey>
              <name>Pan_id</name>
            </hg.component.common.base.keyfields.primarykey.PrimaryKey>
          </keyFields>
        </primaryKeys>
        <secondaryKeys>
          <keyFields/>
          <externalKeyFields></externalKeyFields>
        </secondaryKeys>
      </hg.component.operation.aggregate.Aggregate>
    </entry>
    <entry>
      <string>IFDelimited_1583334278709_360</string>
      <hg.component.input.textfiledelimited.TextFileDelimited>
        <id>IFDelimited_1583334278709_360</id>
        <name>IFDelimited_1</name>
        <flowConstraint>
          <expression></expression>
          <flowControlHandler class="hg.component.common.base.condition.SkipFlowHandler"/>
        </flowConstraint>
        <disabled>
          <baseValue>false</baseValue>
          <value>false</value>
        </disabled>
        <sockets class="linked-hash-map">
          <entry>
            <string>out0</string>
            <hg.component.common.base.categories.input.InputComponentSchemaFeedSocket reference="../../../../../entry/hg.component.operation.aggregate.Aggregate/sockets/entry/hg.component.common.base.socket.types.ComponentSchemaFetchSocket/connectedSocket"/>
          </entry>
        </sockets>
        <datasetUniqueId>IFDelimited_1583334279880_666</datasetUniqueId>
        <path>C:\Users\deepikam\Downloads\sampledata.txt</path>
        <delimiter>,</delimiter>
        <safe>
          <baseValue>false</baseValue>
          <value>false</value>
        </safe>
        <hasHeader>
          <baseValue>false</baseValue>
          <value>false</value>
        </hasHeader>
        <charset>
          <baseValue>UTF-8</baseValue>
          <standardCharsets>UTF_8</standardCharsets>
        </charset>
        <strict>
          <baseValue>true</baseValue>
          <value>true</value>
        </strict>
        <errorFile>
          <delimiter>|</delimiter>
          <path></path>
        </errorFile>
      </hg.component.input.textfiledelimited.TextFileDelimited>
    </entry>
    <entry>
      <string>OFDelimited_1583334281556_219</string>
      <hg.component.output.textfiledelimited.TextFileDelimited>
        <id>OFDelimited_1583334281556_219</id>
        <name>OFDelimited_1</name>
        <flowConstraint>
          <expression></expression>
          <flowControlHandler class="hg.component.common.base.condition.SkipComponentHandler">
            <sourceSocketId></sourceSocketId>
            <targetSocketId></targetSocketId>
          </flowControlHandler>
        </flowConstraint>
        <disabled>
          <baseValue>false</baseValue>
          <value>false</value>
        </disabled>
        <sockets class="linked-hash-map">
          <entry>
            <string>in0</string>
            <hg.component.common.base.socket.types.ComponentSchemaFetchSocket reference="../../../../../entry/hg.component.operation.aggregate.Aggregate/sockets/entry[2]/hg.component.common.base.categories.operation.OperationComponentSchemaFeedSocket/connectedSocket"/>
          </entry>
        </sockets>
        <datasetUniqueId>OFDelimited_1583334282312_472</datasetUniqueId>
        <path>output/</path>
        <delimiter>|</delimiter>
        <hasHeader>
          <baseValue>false</baseValue>
          <value>false</value>
        </hasHeader>
        <charset>
          <baseValue>UTF-8</baseValue>
          <standardCharsets>UTF_8</standardCharsets>
        </charset>
      </hg.component.output.textfiledelimited.TextFileDelimited>
    </entry>
    <entry>
      <string>Transform_1583334291539_858</string>
      <hg.component.operation.transform.Transform>
        <id>Transform_1583334291539_858</id>
        <name>Transform_1</name>
        <flowConstraint>
          <expression></expression>
          <flowControlHandler class="hg.component.common.base.condition.SkipComponentHandler">
            <sourceSocketId></sourceSocketId>
            <targetSocketId></targetSocketId>
          </flowControlHandler>
        </flowConstraint>
        <disabled>
          <baseValue>true</baseValue>
          <value>true</value>
        </disabled>
        <sockets class="linked-hash-map">
          <entry>
            <string>out0</string>
            <hg.component.common.base.categories.operation.OperationComponentSchemaFeedSocket>
              <socketID>out0</socketID>
              <type>hg.component.common.base.categories.operation.OperationComponentSchemaFeedSocket</type>
              <parentComponentID>Transform_1583334291539_858</parentComponentID>
              <outputFields>
                <hg.component.common.base.categories.operation.mapping.outfields.OperationField>
                  <name>DefaultField0</name>
                  <operationId>Operation_1</operationId>
                </hg.component.common.base.categories.operation.mapping.outfields.OperationField>
              </outputFields>
            </hg.component.common.base.categories.operation.OperationComponentSchemaFeedSocket>
          </entry>
          <entry>
            <string>in0</string>
            <hg.component.common.base.socket.types.ComponentSchemaFetchSocket>
              <socketID>in0</socketID>
              <type>hg.component.common.base.socket.types.ComponentSchemaFetchSocket</type>
              <parentComponentID>Transform_1583334291539_858</parentComponentID>
              <schema>
                <otherAttributes/>
                <fieldOrRecordSchema/>
              </schema>
            </hg.component.common.base.socket.types.ComponentSchemaFetchSocket>
          </entry>
          <entry>
            <string>err0</string>
            <hg.component.common.base.socket.types.ErrorFeedSocket>
              <socketID>err0</socketID>
              <type>hg.component.common.base.socket.types.ErrorFeedSocket</type>
              <parentComponentID>Transform_1583334291539_858</parentComponentID>
              <copyOfFetchSocket class="hg.component.common.base.socket.types.ComponentSchemaFetchSocket" reference="../../../entry[2]/hg.component.common.base.socket.types.ComponentSchemaFetchSocket"/>
            </hg.component.common.base.socket.types.ErrorFeedSocket>
          </entry>
        </sockets>
        <operations>
          <hg.component.common.base.categories.operation.mapping.ClassOperation>
            <id>Operation_1</id>
            <inputFields>
              <hg.component.common.base.categories.operation.mapping.outfields.InputField>
                <name>Pan_id</name>
                <fetchSocketId>in0</fetchSocketId>
              </hg.component.common.base.categories.operation.mapping.outfields.InputField>
              <hg.component.common.base.categories.operation.mapping.outfields.InputField>
                <name>Fact_Val</name>
                <fetchSocketId>in0</fetchSocketId>
              </hg.component.common.base.categories.operation.mapping.outfields.InputField>
              <hg.component.common.base.categories.operation.mapping.outfields.InputField>
                <name>index_id</name>
                <fetchSocketId>in0</fetchSocketId>
              </hg.component.common.base.categories.operation.mapping.outfields.InputField>
            </inputFields>
            <outputFields>
              <otherAttributes/>
              <fieldOrRecordSchema>
                <hg.component.common.base.schema.Field>
                  <name>DefaultField0</name>
                  <parent reference="../../.."/>
                  <otherAttributes/>
                  <fieldType class="hg.component.common.base.schema.fieldtypes.TypeFieldString">
                    <type>java.lang.String</type>
                  </fieldType>
                  <description></description>
                </hg.component.common.base.schema.Field>
              </fieldOrRecordSchema>
            </outputFields>
            <operationClass>FactorTansformClass</operationClass>
            <properties class="linked-hash-map"/>
          </hg.component.common.base.categories.operation.mapping.ClassOperation>
        </operations>
      </hg.component.operation.transform.Transform>
    </entry>
  </components>
  <graphID>Job_040320_083426441</graphID>
  <graphName>job_1</graphName>
  <graphVersion>
    <baseValue>89</baseValue>
    <value>89</value>
  </graphVersion>
  <otherProperties/>
</hg.graph.Graph>