<hg.graph.Graph>
  <components>
    <entry>
      <string>OUTPUT_DATASET_lst</string>
      <hg.component.output.textfiledelimited.TextFileDelimited>
        <id>OUTPUT_DATASET_lst</id>
        <name>OUTPUT_DATASET_lst</name>
        <flowConstraint>
          <expression></expression>
          <flowControlHandler class="hg.component.common.base.condition.SkipComponentHandler">
            <sourceSocketId></sourceSocketId>
            <targetSocketId></targetSocketId>
          </flowControlHandler>
        </flowConstraint>
        <disabled>
          <baseValue>false</baseValue>
          <value>false</value>
        </disabled>
        <sockets class="linked-hash-map">
          <entry>
            <string>in0</string>
            <hg.component.common.base.socket.types.ComponentSchemaFetchSocket>
              <socketID>in0</socketID>
              <type>hg.component.common.base.socket.types.ComponentSchemaFetchSocket</type>
              <parentComponentID>OUTPUT_DATASET_lst</parentComponentID>
              <connectedSocket class="hg.component.common.base.categories.operation.OperationComponentSchemaFeedSocket">
                <socketID>out0</socketID>
                <type>hg.component.common.base.categories.operation.OperationComponentSchemaFeedSocket</type>
                <parentComponentID>Reformat</parentComponentID>
                <connectedSocket class="hg.component.common.base.socket.types.ComponentSchemaFetchSocket" reference="../.."/>
                <outputFields>
                  <hg.component.common.base.categories.operation.mapping.outfields.OperationField>
                    <name>lst_str</name>
                    <operationId>Reformat_1</operationId>
                  </hg.component.common.base.categories.operation.mapping.outfields.OperationField>
                </outputFields>
              </connectedSocket>
              <schema>
                <name>Reformat_4_dml</name>
                <otherAttributes/>
                <fieldOrRecordSchema>
                  <hg.component.common.base.schema.Field>
                    <name>lst_str</name>
                    <parent reference="../../.."/>
                    <otherAttributes/>
                    <fieldType class="hg.component.common.base.schema.fieldtypes.TypeFieldString">
                      <type>java.lang.String</type>
                    </fieldType>
                    <description></description>
                  </hg.component.common.base.schema.Field>
                </fieldOrRecordSchema>
                <externalSchema></externalSchema>
              </schema>
            </hg.component.common.base.socket.types.ComponentSchemaFetchSocket>
          </entry>
        </sockets>
        <datasetUniqueId>OUTPUT_DATASET_lst</datasetUniqueId>
        <path>output/</path>
        <delimiter>\n</delimiter>
        <quote>&quot;</quote>
        <hasHeader>
          <baseValue>false</baseValue>
          <value>false</value>
        </hasHeader>
        <charset>
          <baseValue>UTF-8</baseValue>
          <standardCharsets>UTF_8</standardCharsets>
        </charset>
      </hg.component.output.textfiledelimited.TextFileDelimited>
    </entry>
    <entry>
      <string>IFDelimited_1583487404090_630</string>
      <hg.component.input.textfiledelimited.TextFileDelimited>
        <id>IFDelimited_1583487404090_630</id>
        <name>IFDelimited_1</name>
        <flowConstraint>
          <expression></expression>
          <flowControlHandler class="hg.component.common.base.condition.SkipFlowHandler"/>
        </flowConstraint>
        <disabled>
          <baseValue>false</baseValue>
          <value>false</value>
        </disabled>
        <sockets class="linked-hash-map">
          <entry>
            <string>out0</string>
            <hg.component.common.base.categories.input.InputComponentSchemaFeedSocket>
              <socketID>out0</socketID>
              <type>hg.component.common.base.categories.input.InputComponentSchemaFeedSocket</type>
              <parentComponentID>IFDelimited_1583487404090_630</parentComponentID>
              <connectedSocket class="hg.component.common.base.socket.types.ComponentSchemaFetchSocket">
                <socketID>in0</socketID>
                <type>hg.component.common.base.socket.types.ComponentSchemaFetchSocket</type>
                <parentComponentID>Reformat</parentComponentID>
                <connectedSocket class="hg.component.common.base.categories.input.InputComponentSchemaFeedSocket" reference="../.."/>
                <schema>
                  <otherAttributes/>
                  <fieldOrRecordSchema>
                    <hg.component.common.base.schema.Field>
                      <name>dataset_id</name>
                      <parent reference="../../.."/>
                      <otherAttributes>
                        <entry>
                          <hg.component.common.annotations.property.schema.ColumnName>CONDITION</hg.component.common.annotations.property.schema.ColumnName>
                          <string></string>
                        </entry>
                        <entry>
                          <hg.component.common.annotations.property.schema.ColumnName>INPUT_FIELDS</hg.component.common.annotations.property.schema.ColumnName>
                          <string></string>
                        </entry>
                        <entry>
                          <hg.component.common.annotations.property.schema.ColumnName>REDEFINES</hg.component.common.annotations.property.schema.ColumnName>
                          <string></string>
                        </entry>
                      </otherAttributes>
                      <fieldType class="hg.component.common.base.schema.fieldtypes.TypeFieldInteger">
                        <type>java.lang.Integer</type>
                      </fieldType>
                      <description></description>
                    </hg.component.common.base.schema.Field>
                    <hg.component.common.base.schema.Field>
                      <name>data_type</name>
                      <parent reference="../../.."/>
                      <otherAttributes>
                        <entry>
                          <hg.component.common.annotations.property.schema.ColumnName>CONDITION</hg.component.common.annotations.property.schema.ColumnName>
                          <string></string>
                        </entry>
                        <entry>
                          <hg.component.common.annotations.property.schema.ColumnName>INPUT_FIELDS</hg.component.common.annotations.property.schema.ColumnName>
                          <string></string>
                        </entry>
                        <entry>
                          <hg.component.common.annotations.property.schema.ColumnName>RANGE_TO</hg.component.common.annotations.property.schema.ColumnName>
                          <string></string>
                        </entry>
                        <entry>
                          <hg.component.common.annotations.property.schema.ColumnName>REDEFINES</hg.component.common.annotations.property.schema.ColumnName>
                          <string></string>
                        </entry>
                        <entry>
                          <hg.component.common.annotations.property.schema.ColumnName>RANGE_FROM</hg.component.common.annotations.property.schema.ColumnName>
                          <string></string>
                        </entry>
                      </otherAttributes>
                      <fieldType class="hg.component.common.base.schema.fieldtypes.TypeFieldString">
                        <type>java.lang.String</type>
                      </fieldType>
                      <description></description>
                    </hg.component.common.base.schema.Field>
                  </fieldOrRecordSchema>
                  <externalSchema></externalSchema>
                </schema>
              </connectedSocket>
              <schema>
                <otherAttributes/>
                <fieldOrRecordSchema>
                  <hg.component.common.base.schema.Field>
                    <name>dataset_id</name>
                    <parent reference="../../.."/>
                    <otherAttributes>
                      <entry>
                        <hg.component.common.annotations.property.schema.ColumnName>CONDITION</hg.component.common.annotations.property.schema.ColumnName>
                        <string></string>
                      </entry>
                      <entry>
                        <hg.component.common.annotations.property.schema.ColumnName>INPUT_FIELDS</hg.component.common.annotations.property.schema.ColumnName>
                        <string></string>
                      </entry>
                      <entry>
                        <hg.component.common.annotations.property.schema.ColumnName>REDEFINES</hg.component.common.annotations.property.schema.ColumnName>
                        <string></string>
                      </entry>
                    </otherAttributes>
                    <fieldType class="hg.component.common.base.schema.fieldtypes.TypeFieldInteger">
                      <type>java.lang.Integer</type>
                    </fieldType>
                    <description></description>
                  </hg.component.common.base.schema.Field>
                  <hg.component.common.base.schema.Field>
                    <name>data_type</name>
                    <parent reference="../../.."/>
                    <otherAttributes>
                      <entry>
                        <hg.component.common.annotations.property.schema.ColumnName>CONDITION</hg.component.common.annotations.property.schema.ColumnName>
                        <string></string>
                      </entry>
                      <entry>
                        <hg.component.common.annotations.property.schema.ColumnName>INPUT_FIELDS</hg.component.common.annotations.property.schema.ColumnName>
                        <string></string>
                      </entry>
                      <entry>
                        <hg.component.common.annotations.property.schema.ColumnName>RANGE_TO</hg.component.common.annotations.property.schema.ColumnName>
                        <string></string>
                      </entry>
                      <entry>
                        <hg.component.common.annotations.property.schema.ColumnName>REDEFINES</hg.component.common.annotations.property.schema.ColumnName>
                        <string></string>
                      </entry>
                      <entry>
                        <hg.component.common.annotations.property.schema.ColumnName>RANGE_FROM</hg.component.common.annotations.property.schema.ColumnName>
                        <string></string>
                      </entry>
                    </otherAttributes>
                    <fieldType class="hg.component.common.base.schema.fieldtypes.TypeFieldString">
                      <type>java.lang.String</type>
                    </fieldType>
                    <description></description>
                  </hg.component.common.base.schema.Field>
                </fieldOrRecordSchema>
                <externalSchema></externalSchema>
              </schema>
              <debugEnabled>false</debugEnabled>
            </hg.component.common.base.categories.input.InputComponentSchemaFeedSocket>
          </entry>
        </sockets>
        <datasetUniqueId>IFDelimited_1583487406261_962</datasetUniqueId>
        <path>input/sampledata.txt</path>
        <delimiter>|</delimiter>
        <safe>
          <baseValue>false</baseValue>
          <value>false</value>
        </safe>
        <hasHeader>
          <baseValue>false</baseValue>
          <value>false</value>
        </hasHeader>
        <charset>
          <baseValue>UTF-8</baseValue>
          <standardCharsets>UTF_8</standardCharsets>
        </charset>
        <strict>
          <baseValue>true</baseValue>
          <value>true</value>
        </strict>
        <errorFile>
          <delimiter>|</delimiter>
          <path></path>
        </errorFile>
      </hg.component.input.textfiledelimited.TextFileDelimited>
    </entry>
    <entry>
      <string>Reformat</string>
      <hg.component.operation.transform.Transform>
        <id>Reformat</id>
        <name>Reformat</name>
        <flowConstraint>
          <expression></expression>
          <flowControlHandler class="hg.component.common.base.condition.SkipComponentHandler">
            <sourceSocketId></sourceSocketId>
            <targetSocketId></targetSocketId>
          </flowControlHandler>
        </flowConstraint>
        <disabled>
          <baseValue>false</baseValue>
          <value>false</value>
        </disabled>
        <sockets class="linked-hash-map">
          <entry>
            <string>out0</string>
            <hg.component.common.base.categories.operation.OperationComponentSchemaFeedSocket reference="../../../../../entry/hg.component.output.textfiledelimited.TextFileDelimited/sockets/entry/hg.component.common.base.socket.types.ComponentSchemaFetchSocket/connectedSocket"/>
          </entry>
          <entry>
            <string>in0</string>
            <hg.component.common.base.socket.types.ComponentSchemaFetchSocket reference="../../../../../entry[2]/hg.component.input.textfiledelimited.TextFileDelimited/sockets/entry/hg.component.common.base.categories.input.InputComponentSchemaFeedSocket/connectedSocket"/>
          </entry>
          <entry>
            <string>err0</string>
            <hg.component.common.base.socket.types.ErrorFeedSocket>
              <socketID>err0</socketID>
              <type>hg.component.common.base.socket.types.ErrorFeedSocket</type>
              <parentComponentID>Reformat</parentComponentID>
              <copyOfFetchSocket class="hg.component.common.base.socket.types.ComponentSchemaFetchSocket">
                <socketID>in0</socketID>
                <type>hg.component.common.base.socket.types.ComponentSchemaFetchSocket</type>
                <parentComponentID>Reformat</parentComponentID>
                <schema>
                  <otherAttributes/>
                  <fieldOrRecordSchema/>
                </schema>
              </copyOfFetchSocket>
            </hg.component.common.base.socket.types.ErrorFeedSocket>
          </entry>
        </sockets>
        <operations>
          <hg.component.common.base.categories.operation.mapping.ClassOperation>
            <id>Reformat_1</id>
            <inputFields>
              <hg.component.common.base.categories.operation.mapping.outfields.InputField>
                <name>dataset_id</name>
                <fetchSocketId>in0</fetchSocketId>
              </hg.component.common.base.categories.operation.mapping.outfields.InputField>
              <hg.component.common.base.categories.operation.mapping.outfields.InputField>
                <name>data_type</name>
                <fetchSocketId>in0</fetchSocketId>
              </hg.component.common.base.categories.operation.mapping.outfields.InputField>
            </inputFields>
            <outputFields>
              <otherAttributes/>
              <fieldOrRecordSchema>
                <hg.component.common.base.schema.Field>
                  <name>lst_str</name>
                  <parent reference="../../.."/>
                  <otherAttributes/>
                  <fieldType class="hg.component.common.base.schema.fieldtypes.TypeFieldString">
                    <type>java.lang.String</type>
                  </fieldType>
                  <description></description>
                </hg.component.common.base.schema.Field>
              </fieldOrRecordSchema>
            </outputFields>
            <operationClass>com.bitwiseglobal.pub_cns_cache_gen_graph_def_temp.transform</operationClass>
            <properties class="linked-hash-map"/>
          </hg.component.common.base.categories.operation.mapping.ClassOperation>
        </operations>
      </hg.component.operation.transform.Transform>
    </entry>
  </components>
  <graphID>Job_050320_013410907</graphID>
  <graphName>pub_cns_cache_gen_graph_def_temp</graphName>
  <graphVersion>
    <baseValue>6</baseValue>
    <value>6</value>
  </graphVersion>
  <otherProperties/>
</hg.graph.Graph>